{"val_acc":0.5,"val_loss":0.7449951171875,"_timestamp":1.7391966609408793e+09,"train_acc":0.7429064417177914,"_runtime":76.049304707,"epoch":5,"train_loss":0.5748013984866258,"val_f1":0.3333333333333333,"_wandb":{"runtime":76},"Batch Loss":0.5595703125,"_step":59,"learning_rate":0.10055384761114039}