{"train_acc":0.7429064417177914,"train_loss":0.5783533468479063,"_wandb":{"runtime":75},"_timestamp":1.7391973067527597e+09,"val_loss":0.7896728515625,"learning_rate":1.0034149749873955,"Batch Loss":0.6243019104003906,"_step":59,"epoch":5,"val_acc":0.5,"val_f1":0.3333333333333333,"_runtime":75.208370675}