{
    "threshold": 0.4,
    "max_area_fraction": 0.6,
    "min_area_fraction": 0.005,
    "avg_iou": 0.13295862515111684,
    "individual_iou_scores": [
        0,
        0,
        0.31496480060094184,
        0,
        0.1547701311220877,
        0,
        0.1321857082544568,
        0.13104595550010398,
        0.21877296313463038,
        0.12717009497101722,
        0,
        0.16907831766229378,
        0.09229043715117366,
        0.07869752947856284,
        0.03978405359531728,
        0,
        0.15210697191819794,
        0.01767064127049674,
        0.2794480920496652,
        0.041903874110818876,
        0,
        0,
        0.08462503160054922,
        0.16754597028763163,
        0.46204331656092756,
        0.09180947755498509,
        0,
        0,
        0.24224853502671015,
        0,
        0.12873608366372485,
        0.23543653065797007,
        0.3427684346701164,
        0.2890168263220804,
        0.3357298297707905,
        0,
        0.23998069479800513,
        0.28731942215088285,
        0.130367703779892,
        0.4150618853531765,
        0.1130964913959765,
        0,
        0,
        0.015235457063711912,
        0.2926804644119132,
        0.12054122370084008,
        0.01980101443620757,
        0.3458611089827089,
        0.14818735115109818,
        0,
        0.41707057571817,
        0,
        0,
        0.06321090344240116,
        0.2610574989947728,
        0.20972121876479236,
        0.19876898752046981,
        0.29234916347967715,
        0.040797204424388986,
        0,
        0,
        0.2016664952165415,
        0,
        0,
        0.35852983814121747,
        0.2880667132662516,
        0.09849076152650665,
        0.09029992441978359,
        0.31473219818078174,
        0.08554074335102617,
        0.093468302054086,
        0,
        0,
        0,
        0.4706153719416756,
        0.1909928476178931,
        0.20049906294089156,
        0.16655946672903754,
        0,
        0,
        0.010418254815266556,
        0.24009190120620333,
        0.15458403010033445,
        0.11392931392931394,
        0,
        0,
        0,
        0,
        0.4065353881278539,
        0.08815514458819483,
        0,
        0.20213754646840149,
        0.06367822708303353,
        0,
        0.18569489075334772,
        0.2908350305498982,
        0.16028741191101284,
        0.16829266359695352,
        0.2160029538865489,
        0.4772686497542072,
        0.09393734863223091,
        0,
        0,
        0.3960390403671091,
        0.4533106960950764,
        0,
        0,
        0,
        0.3380124742698838,
        0.15481171548117154,
        0.0964662061811924,
        0,
        0.08652104654461344,
        0.013069211080226767,
        0,
        0.14357353343032916,
        0,
        0,
        0.07635617687281568,
        0,
        0.41917924930184125,
        0.14292031886062886,
        0.0995681303831062,
        0,
        0.15340188363660856,
        0,
        0,
        0.18081320511849777,
        0.19913484118155975,
        0,
        0.3707055760962553,
        0,
        0,
        0.6119997051669492,
        0,
        0.43173596867424946,
        0.2924460945309153,
        0,
        0,
        0,
        0.29504725799299175,
        0,
        0.1898157799453594,
        0,
        0.17136150234741784,
        0,
        0.13272912002445625,
        0,
        0,
        0.1091067270540672,
        0,
        0.24118456232805052,
        0,
        0.3085256674174356,
        0.09671081945963463,
        0.4213948652034675,
        0.02823483071634469,
        0,
        0,
        0.19666061974751028,
        0.11072815799551398,
        0.38284591376719457,
        0,
        0,
        0.15750887120726578,
        0.23605013679455367,
        0,
        0.14690679579955385,
        0.2913634925656438,
        0.28200823440060757,
        0.07135429634294585,
        0.16492410987354017,
        0.0469182107300885,
        0.08414690841469084,
        0.21274979104931235,
        0.5269724832102363,
        0.1904633172517052,
        0,
        0,
        0.04085048439029234,
        0.17982171140803313,
        0.4762550881953867,
        0.30811019368778453,
        0.23399184141809146,
        0.2883607130373995,
        0.13995379515853618,
        0,
        0.6533766346739351,
        0.36089477610963494,
        0.07826588468474323,
        0.029018885306310457,
        0.21611463471928588,
        0,
        0.07115653167449537,
        0,
        0.12122043822332007,
        0,
        0.26628741533066763,
        0,
        0
    ]
}