{
    "threshold": 0.4,
    "max_area_fraction": 0.6,
    "min_area_fraction": 0.005,
    "avg_iou": 0.13559722715893174,
    "individual_iou_scores": [
        0,
        0,
        0.28447154706511374,
        0,
        0.16818209824925842,
        0,
        0.12699451120982355,
        0.13104595550010398,
        0.20022275531185743,
        0.23991982219070865,
        0,
        0.16108072810382826,
        0.09116794467190724,
        0.07757588379236736,
        0.021919244887257473,
        0,
        0.16685900888193608,
        0.01704630331465119,
        0.25476497933884296,
        0.040073808257015744,
        0,
        0,
        0.0907669895686016,
        0.16925564728428505,
        0.43023543990086743,
        0.09164246531139077,
        0,
        0,
        0.2746139410516503,
        0,
        0.12873608366372485,
        0.22447617371675455,
        0.5584324702589223,
        0.25287169939163695,
        0.32280490588748,
        0,
        0.2592791747442301,
        0.301781780234221,
        0.1427325977387277,
        0.4150618853531765,
        0.10917910103016584,
        0,
        0,
        0,
        0.29339168329884824,
        0.10673478356405186,
        0.01963249516441006,
        0.42696003342152905,
        0.15387581665418357,
        0,
        0.41134809953513807,
        0,
        0,
        0.06385078706281318,
        0.28074385122975404,
        0.1866723381575171,
        0.1920443476766172,
        0.2650012876641772,
        0.04457107063114398,
        0,
        0,
        0.20508421382989853,
        0,
        0,
        0.3720108752338106,
        0.31299107359826334,
        0.1074363230261675,
        0.09429190085690592,
        0.33199126785971056,
        0.08591800138690747,
        0.0901350613144461,
        0,
        0,
        0,
        0.4748296024634121,
        0.17953597556806528,
        0.21926057270497748,
        0.1613083441636724,
        0,
        0,
        0.01024110885549364,
        0.24320970632841582,
        0.16023166023166024,
        0.1229802513464991,
        0,
        0,
        0,
        0,
        0.41298833079654995,
        0.08691796008869179,
        0,
        0,
        0.06401446654611212,
        0,
        0.18569489075334772,
        0.38504326328800986,
        0.16189811584089323,
        0.16591399193674408,
        0.2160029538865489,
        0.5117712640172782
    ]
}