cpu_usage_percent,memory_usage_percent,gpu_memory_used_mb,gpu_memory_total_mb,preprocess_time,classification_time,gradcam_time,clinicalqa_time,clinicalqa_success,total_time,predicted_class,confidence_percent,normal_prob_percent,pneumonia_prob_percent,image_name,total_process_time
0.8,31.0,89.927734375,11875.3125,0.0024864673614501953,0.15344476699829102,0.09447121620178223,1.637362003326416,True,5.004520654678345,Pneumonia,99.99329,0.0067009227,99.99329,person1_bacteria_1.jpeg,5.004555702209473
0.5,32.2,199.90478515625,11875.3125,0.0039446353912353516,0.036489248275756836,0.009212493896484375,2.107985258102417,True,5.290594816207886,Pneumonia,99.83195,0.16804455,99.83195,person1_bacteria_2.jpeg,5.290632009506226
0.4,32.3,199.96728515625,11875.3125,0.0020918846130371094,0.04384875297546387,0.007877826690673828,1.396676778793335,True,5.0083417892456055,Pneumonia,99.99975,0.0002527364,99.99975,person1_virus_11.jpeg,5.0083839893341064
1.7,32.3,199.96728515625,11875.3125,0.002452373504638672,0.038045406341552734,0.008160114288330078,1.7216734886169434,True,5.1738927364349365,Pneumonia,99.99856,0.0014506108,99.99856,person1_virus_12.jpeg,5.173932790756226
0.3,32.0,199.96728515625,11875.3125,0.0025157928466796875,0.03636884689331055,0.0086212158203125,1.7275941371917725,True,5.0550901889801025,Pneumonia,99.87219,0.12780108,99.87219,person1_virus_13.jpeg,5.055131673812866
0.5,32.0,199.96728515625,11875.3125,0.0021796226501464844,0.03486895561218262,0.008177995681762695,2.015746831893921,True,5.56254506111145,Pneumonia,99.99897,0.0010406089,99.99897,person1_virus_6.jpeg,5.563204765319824
0.5,31.9,199.96728515625,11875.3125,0.0021448135375976562,0.03475022315979004,0.008107662200927734,1.5989596843719482,True,4.576496124267578,Pneumonia,99.99943,0.0005776959,99.99943,person1_virus_7.jpeg,4.5765345096588135
0.4,31.9,199.96728515625,11875.3125,0.0021555423736572266,0.03481650352478027,0.008025646209716797,1.7083842754364014,True,5.165318012237549,Pneumonia,99.99963,0.000371014,99.99963,person1_virus_8.jpeg,5.16535496711731
