{"val_acc":0.5,"val_loss":0.8131103515625,"train_acc":0.7429064417177914,"_timestamp":1.7391980467618399e+09,"epoch":5,"train_loss":0.5800334651295732,"val_f1":0.3333333333333333,"Batch Loss":0.5606040954589844,"_runtime":76.54273434,"learning_rate":1.0061660284143554,"_step":59,"_wandb":{"runtime":76}}