{"epoch":5,"train_acc":0.7429064417177914,"Batch Loss":0.5799984335899353,"_runtime":77.686509162,"val_acc":0.5,"learning_rate":0.10099521767595819,"_wandb":{"runtime":77},"_step":35,"train_loss":0.540832140096804,"val_loss":0.812347412109375,"val_f1":0.3333333333333333,"_timestamp":1.7391964714828804e+09}