{"train_loss":0.578967784963003,"epoch":5,"Batch Loss":0.5385310053825378,"_runtime":76.636298411,"_step":35,"val_f1":0.3333333333333333,"train_acc":0.7429064417177914,"_wandb":{"runtime":76},"_timestamp":1.739197390423713e+09,"val_loss":0.844970703125,"val_acc":0.5,"learning_rate":1.006708747092229}