{"epoch":2,"Batch Loss":0.55804443359375,"_wandb":{"runtime":41},"_runtime":40.750376267,"val_acc":0.5,"val_f1":0.3333333333333333,"train_loss":0.5981302741097241,"_timestamp":1.7391980932246857e+09,"_step":31,"val_loss":0.781494140625,"train_acc":0.7392638036809815,"learning_rate":1.0024272300788877}