{"_timestamp":1.739196859204209e+09,"Batch Loss":0.5401382446289062,"train_acc":0.7429064417177914,"_wandb":{"runtime":75},"learning_rate":1.0031699301324233,"_runtime":75.112476588,"epoch":5,"train_loss":0.5794779149497428,"val_f1":0.3333333333333333,"_step":59,"val_acc":0.5,"val_loss":0.7330322265625}