{"Batch Loss":0.46952056884765625,"_runtime":74.014979874,"epoch":5,"train_acc":0.7429064417177914,"_wandb":{"runtime":74},"_timestamp":1.7391972283924243e+09,"train_loss":0.5772259484039494,"val_acc":0.5,"_step":107,"val_f1":0.3333333333333333,"learning_rate":1.004142985471954,"val_loss":0.8328857421875}