{"val_f1":0.3333333333333333,"_timestamp":1.7391970694703884e+09,"_runtime":75.639363758,"_wandb":{"runtime":75},"train_acc":0.7429064417177914,"val_acc":0.5,"train_loss":0.5737597302692693,"learning_rate":0.1008783925310397,"val_loss":0.8214111328125,"Batch Loss":0.5305213928222656,"epoch":5,"_step":59}