{"learning_rate":1.0042797247150852,"_wandb":{"runtime":73},"Batch Loss":0.5033111572265625,"_runtime":73.842178138,"val_acc":0.5,"_step":59,"val_f1":0.3333333333333333,"train_acc":0.7429064417177914,"_timestamp":1.7391974697688758e+09,"epoch":5,"train_loss":0.5791908124598061,"val_loss":0.717529296875}