{"_runtime":74.987343694,"epoch":5,"val_loss":0.7845458984375,"_wandb":{"runtime":74},"Batch Loss":0.7055702209472656,"_timestamp":1.7391969872458088e+09,"val_acc":0.5,"learning_rate":0.10088742795811854,"train_acc":0.7429064417177914,"val_f1":0.3333333333333333,"_step":59,"train_loss":0.5770768188848728}