{"_step":107,"_timestamp":1.739197816768916e+09,"train_acc":0.7429064417177914,"train_loss":0.577276873442293,"val_acc":0.5,"val_f1":0.3333333333333333,"Batch Loss":0.602386474609375,"_runtime":77.732716631,"learning_rate":1.0057500873869492,"epoch":5,"val_loss":0.7491455078125,"_wandb":{"runtime":77}}