{"Batch Loss":0.7148971557617188,"_step":107,"val_loss":0.775634765625,"learning_rate":0.10068256310604376,"val_acc":0.5,"val_f1":0.3333333333333333,"epoch":5,"_wandb":{"runtime":73},"_timestamp":1.7391965798114045e+09,"train_loss":0.5765134659281538,"_runtime":73.671344876,"train_acc":0.7429064417177914}