{"epoch":5,"val_f1":0.3333333333333333,"learning_rate":1.0034645684843635,"val_acc":0.5,"val_loss":0.9107666015625,"Batch Loss":0.6123046875,"train_acc":0.7429064417177914,"_wandb":{"runtime":75},"_step":59,"_timestamp":1.7391976305539796e+09,"_runtime":75.313067263,"train_loss":0.5780661280562238}