{"val_acc":0.5,"_wandb":{"runtime":74},"learning_rate":1.0019812669338055,"Batch Loss":0.5872535705566406,"_timestamp":1.7391971492888112e+09,"val_loss":0.8453369140625,"val_f1":0.3333333333333333,"train_loss":0.578143224483583,"train_acc":0.7429064417177914,"_step":59,"epoch":5,"_runtime":74.821766372}