{"val_loss":0.697357177734375,"train_loss":0.5248934517546398,"learning_rate":0.10019082904988166,"val_acc":0.5,"_step":35,"Batch Loss":0.4428076446056366,"_timestamp":1.7391977133960545e+09,"epoch":5,"val_f1":0.3333333333333333,"_runtime":75.822529445,"_wandb":{"runtime":75},"train_acc":0.7429064417177914}