{"val_acc":0.5,"val_f1":0.3333333333333333,"epoch":5,"Batch Loss":0.5498733520507812,"_step":35,"train_loss":0.5800904413548912,"val_loss":0.79345703125,"_wandb":{"runtime":106},"train_acc":0.7429064417177914,"_runtime":106.973145684,"_timestamp":1.7391979642015424e+09,"learning_rate":1.0098407722899878}