{"train_acc":0.7429064417177914,"_step":59,"train_loss":0.5781207666164492,"val_acc":0.5,"learning_rate":1.0096353936746092,"_wandb":{"runtime":75},"_timestamp":1.7391975483272748e+09,"Batch Loss":0.5817794799804688,"_runtime":75.301770421,"epoch":5,"val_loss":0.7286376953125,"val_f1":0.3333333333333333}