{"train_acc":0.7429064417177914,"val_f1":0.3333333333333333,"train_loss":0.5766201484494093,"learning_rate":1.0001306455886974,"_runtime":74.961223649,"Batch Loss":0.5656242370605469,"val_acc":0.5,"_wandb":{"runtime":74},"_timestamp":1.7391967410878546e+09,"val_loss":0.785400390625,"_step":59,"epoch":5}