{"_runtime":304.520980327,"Validation Loss":0.09016873687505722,"Validation Accuracy":1,"_wandb":{"runtime":304},"Test ROC-AUC":0.9848893271970195,"Train Accuracy":0.9835122699386503,"Batch Loss":0.0694948211312294,"_timestamp":1.7391946050281081e+09,"_step":220,"Validation ROC-AUC":1,"Test F1":0.9615051096012206,"Validation F1":1,"Train Loss":0.035002127034226206,"Test Accuracy":0.9615384615384616}